Location,lon,lat,latlon,Address,Order.No.,Quantity(CBM),Location Type
Point1,79.8574715,6.8784706,6.8784706+79.8574715,Address 1,1000,0.1,customer
Point2,79.8705393,6.8834768,6.8834768+79.8705393,Address 2,1001,0.01,customer
Point3,79.8724168,6.8775972,6.8775972+79.8724168,Address 3,1002,0.25,customer
Point4,79.8738251,6.8797661,6.8797661+79.8738251,Address 4,1003,0.2,customer
Point5,79.8813295,6.8764453,6.8764453+79.8813295,Address 5,1004,0.05,customer
Point6,79.8835718,6.87407,6.87407+79.8835718,Address 6,1005,0.3,customer
Point7,79.8855781,6.8723976,6.8723976+79.8855781,Address 7,1006,0.3,customer
Point8,79.8845589,6.8704164,6.8704164+79.8845589,Address 8,1007,0.4,customer
Point9,79.8819605,6.8712239,6.8712239+79.8819605,Address 9,1008,0.036,customer
Point10,79.880555,6.870947,6.870947+79.880555,Address 10,1009,0.09,customer
Point11,79.8773891,6.8719858,6.8719858+79.8773891,Address 11,1010,0.1,customer
Point12,79.879449,6.8723373,6.8723373+79.879449,Address 12,1011,0.01,customer
Point13,79.8761552,6.8732001,6.8732001+79.8761552,Address 13,1012,0.25,customer
Point14,79.8746747,6.8746062,6.8746062+79.8746747,Address 14,1013,0.2,customer
Point15,79.8753291,6.8733279,6.8733279+79.8753291,Address 15,1014,0.05,customer
Point16,79.8730653,6.8728593,6.8728593+79.8730653,Address 16,1015,0.3,customer
Point17,79.8749965,6.8763956,6.8763956+79.8749965,Address 17,1016,0.3,customer
Point18,79.8735283,6.8783449,6.8783449+79.8735283,Address 18,1017,0.4,customer
Point19,79.8785065,6.8755115,6.8755115+79.8785065,Address 19,1018,0.036,customer
Point20,79.8783563,6.874244,6.874244+79.8783563,Address 20,1019,0.09,customer
Point21,79.8768865,6.8749151,6.8749151+79.8768865,Address 21,1020,0.1,customer
Point22,79.8712002,6.8719965,6.8719965+79.8712002,Address 22,1021,0.01,customer
Point23,79.8685394,6.8719219,6.8719219+79.8685394,Address 23,1022,0.25,customer
Point24,79.8700802,6.8755435,6.8755435+79.8700802,Address 24,1023,0.2,customer
Point25,79.8620085,6.8629069,6.8629069+79.8620085,Address 25,1024,0.05,customer
Point26,79.862266,6.8660173,6.8660173+79.862266,Address 26,1025,0.3,customer
Point27,79.8634033,6.8678707,6.8678707+79.8634033,Address 27,1026,0.3,customer
Point28,79.8639397,6.8697987,6.8697987+79.8639397,Address 28,1027,0.4,customer
Point29,79.8598091,6.8649734,6.8649734+79.8598091,Address 29,1028,0.036,DC
Point30,79.8617447,6.869085,6.869085+79.8617447,Address 30,1029,0.09,customer
Point31,79.859347,6.8700702,6.8700702+79.859347,Address 31,1030,0.1,customer
Point32,79.86528,6.8737024,6.8737024+79.86528,Address 32,1031,0.01,customer
Point33,79.8628446,6.8739474,6.8739474+79.8628446,Address 33,1032,0.25,customer
Point34,79.8629608,6.8784096,6.8784096+79.8629608,Address 34,1033,0.2,customer
Point35,79.8592379,6.8774083,6.8774083+79.8592379,Address 35,1034,0.05,customer
Point36,79.8580899,6.8761834,6.8761834+79.8580899,Address 36,1035,0.3,customer
Point37,79.8622098,6.8772379,6.8772379+79.8622098,Address 37,1036,0.3,customer
Point38,79.8597543,6.8747211,6.8747211+79.8597543,Address 38,1037,0.4,customer
Point39,79.8667176,6.8814537,6.8814537+79.8667176,Address 39,1038,0.036,customer
Point40,79.8647328,6.880314,6.880314+79.8647328,Address 40,1039,0.09,customer
Point41,79.8685737,6.8772569,6.8772569+79.8685737,Address 41,1040,0.1,customer
Point42,79.8696251,6.8789719,6.8789719+79.8696251,Address 42,1041,0.01,customer
Point43,79.8643787,6.8778641,6.8778641+79.8643787,Address 43,1042,0.25,customer
Point44,79.87058,6.8789589,6.8789589+79.87058,Address 44,1043,0.2,customer
Point45,79.86852,6.8756094,6.8756094+79.86852,Address 45,1044,0.05,customer
Point46,79.8650975,6.8760461,6.8760461+79.8650975,Address 46,1045,0.3,customer
Point47,79.8621763,6.8794836,6.8794836+79.8621763,Address 47,1046,0.3,customer
Point48,79.8636966,6.871889,6.871889+79.8636966,Address 48,1047,0.4,customer
Point49,79.8593514,6.8722085,6.8722085+79.8593514,Address 49,1048,0.036,customer
Point50,79.8672181,6.8813122,6.8813122+79.8672181,Address 50,1049,0.09,customer
